,weeks,hellinger_scores
0,51-52,0.055780221
1,52-53,0.019512991
2,53-01,0.0182263
3,01--02,0.012920838
4,02--03,0.024842514
5,03--04,0.026875419
