,weeks,js_scores
0,51-52,0.05562823
1,52-53,0.019455076
2,53-01,0.018179659
3,01--02,0.01286468
4,02--03,0.024829418
5,03--04,0.026823497
