,weeks,js_scores
0,51-52,0.11704272724095248
1,52-53,0.17927911200137064
2,53-01,0.17324981962472574
3,01-02,0.07373940601876312
4,02-03,0.127283148923964
5,03-04,0.24380730095712883
